sovereign_state,indicator,measure_type,protection_category,percent_indicator
Comoro Islands,EBSAs,area,MPA only,0.25569116567744227
Comoro Islands,EBSAs,area,OECM only,0
Comoro Islands,EBSAs,area,MPA-OECM overlap,0
France,EBSAs,area,MPA only,0.49563846379911725
France,EBSAs,area,OECM only,0
France,EBSAs,area,MPA-OECM overlap,0
Kenya,EBSAs,area,MPA only,0.569094839828399
Kenya,EBSAs,area,OECM only,0.04952093876327971
Kenya,EBSAs,area,MPA-OECM overlap,7.891296678925209e-4
Madagascar,EBSAs,area,MPA only,1.0301825461726535
Madagascar,EBSAs,area,OECM only,0.1227997133010034
Madagascar,EBSAs,area,MPA-OECM overlap,0.020912677890150423
Mauritius,EBSAs,area,MPA only,0.03019568147305702
Mauritius,EBSAs,area,OECM only,0
Mauritius,EBSAs,area,MPA-OECM overlap,0
Mozambique,EBSAs,area,MPA only,1.6053863832978847
Mozambique,EBSAs,area,OECM only,0
Mozambique,EBSAs,area,MPA-OECM overlap,0
Seychelles,EBSAs,area,MPA only,28.382997674697247
Seychelles,EBSAs,area,OECM only,0
Seychelles,EBSAs,area,MPA-OECM overlap,0
Somalia,EBSAs,area,MPA only,0
Somalia,EBSAs,area,OECM only,0
Somalia,EBSAs,area,MPA-OECM overlap,0
South Africa,EBSAs,area,MPA only,11.757049118693073
South Africa,EBSAs,area,OECM only,0
South Africa,EBSAs,area,MPA-OECM overlap,0
Tanzania,EBSAs,area,MPA only,1.4247175362974236
Tanzania,EBSAs,area,OECM only,1.3036814274279074
Tanzania,EBSAs,area,MPA-OECM overlap,0.01970205453316479
WIO,EBSAs,area,MPA only,10.776581560140801
WIO,EBSAs,area,OECM only,0.10122101232240473
WIO,EBSAs,area,MPA-OECM overlap,0.004677569707189409
Comoro Islands,Fish Larval Dispersal Corridors,points,MPA only,20
Comoro Islands,Fish Larval Dispersal Corridors,points,OECM only,0
Comoro Islands,Fish Larval Dispersal Corridors,points,MPA-OECM overlap,0
France,Fish Larval Dispersal Corridors,points,MPA only,28.57142857142857
France,Fish Larval Dispersal Corridors,points,OECM only,0
France,Fish Larval Dispersal Corridors,points,MPA-OECM overlap,0
Kenya,Fish Larval Dispersal Corridors,points,MPA only,28.57142857142857
Kenya,Fish Larval Dispersal Corridors,points,OECM only,0
Kenya,Fish Larval Dispersal Corridors,points,MPA-OECM overlap,14.285714285714285
Madagascar,Fish Larval Dispersal Corridors,points,MPA only,22.448979591836736
Madagascar,Fish Larval Dispersal Corridors,points,OECM only,0
Madagascar,Fish Larval Dispersal Corridors,points,MPA-OECM overlap,0
Mauritius,Fish Larval Dispersal Corridors,points,MPA only,0
Mauritius,Fish Larval Dispersal Corridors,points,OECM only,0
Mauritius,Fish Larval Dispersal Corridors,points,MPA-OECM overlap,0
Mozambique,Fish Larval Dispersal Corridors,points,MPA only,17.857142857142858
Mozambique,Fish Larval Dispersal Corridors,points,OECM only,0
Mozambique,Fish Larval Dispersal Corridors,points,MPA-OECM overlap,0
Seychelles,Fish Larval Dispersal Corridors,points,MPA only,8
Seychelles,Fish Larval Dispersal Corridors,points,OECM only,0
Seychelles,Fish Larval Dispersal Corridors,points,MPA-OECM overlap,0
Somalia,Fish Larval Dispersal Corridors,points,MPA only,0
Somalia,Fish Larval Dispersal Corridors,points,OECM only,0
Somalia,Fish Larval Dispersal Corridors,points,MPA-OECM overlap,0
South Africa,Fish Larval Dispersal Corridors,points,MPA only,NA
South Africa,Fish Larval Dispersal Corridors,points,OECM only,NA
South Africa,Fish Larval Dispersal Corridors,points,MPA-OECM overlap,NA
Tanzania,Fish Larval Dispersal Corridors,points,MPA only,38.23529411764706
Tanzania,Fish Larval Dispersal Corridors,points,OECM only,20.588235294117645
Tanzania,Fish Larval Dispersal Corridors,points,MPA-OECM overlap,2.941176470588235
WIO,Fish Larval Dispersal Corridors,points,MPA only,21.468926553672315
WIO,Fish Larval Dispersal Corridors,points,OECM only,3.954802259887006
WIO,Fish Larval Dispersal Corridors,points,MPA-OECM overlap,1.1299435028248588
Comoro Islands,IBAs,area,MPA only,NA
Comoro Islands,IBAs,area,OECM only,NA
Comoro Islands,IBAs,area,MPA-OECM overlap,NA
France,IBAs,area,MPA only,0.2643473854639263
France,IBAs,area,OECM only,0
France,IBAs,area,MPA-OECM overlap,0
Kenya,IBAs,area,MPA only,41.153546172470854
Kenya,IBAs,area,OECM only,2.2994882481822887
Kenya,IBAs,area,MPA-OECM overlap,0
Madagascar,IBAs,area,MPA only,5.5451381553006795
Madagascar,IBAs,area,OECM only,0.3431110505956202
Madagascar,IBAs,area,MPA-OECM overlap,0
Mauritius,IBAs,area,MPA only,0.2369797889417507
Mauritius,IBAs,area,OECM only,0
Mauritius,IBAs,area,MPA-OECM overlap,0
Mozambique,IBAs,area,MPA only,36.06774072352902
Mozambique,IBAs,area,OECM only,0
Mozambique,IBAs,area,MPA-OECM overlap,0
Seychelles,IBAs,area,MPA only,66.97319133125498
Seychelles,IBAs,area,OECM only,0
Seychelles,IBAs,area,MPA-OECM overlap,0
Somalia,IBAs,area,MPA only,0
Somalia,IBAs,area,OECM only,0
Somalia,IBAs,area,MPA-OECM overlap,0
South Africa,IBAs,area,MPA only,NA
South Africa,IBAs,area,OECM only,NA
South Africa,IBAs,area,MPA-OECM overlap,NA
Tanzania,IBAs,area,MPA only,49.23889433352095
Tanzania,IBAs,area,OECM only,14.741141608122854
Tanzania,IBAs,area,MPA-OECM overlap,0
WIO,IBAs,area,MPA only,24.733515324119526
WIO,IBAs,area,OECM only,1.4735876231201221
WIO,IBAs,area,MPA-OECM overlap,0
Comoro Islands,KBAs,area,MPA only,7.012025122347569
Comoro Islands,KBAs,area,OECM only,0
Comoro Islands,KBAs,area,MPA-OECM overlap,0
France,KBAs,area,MPA only,3.2620011105266404
France,KBAs,area,OECM only,0
France,KBAs,area,MPA-OECM overlap,0
Kenya,KBAs,area,MPA only,41.134856460471056
Kenya,KBAs,area,OECM only,2.2984439451488248
Kenya,KBAs,area,MPA-OECM overlap,0
Madagascar,KBAs,area,MPA only,14.035933506549755
Madagascar,KBAs,area,OECM only,1.893756159433097
Madagascar,KBAs,area,MPA-OECM overlap,0.4377209371114489
Mauritius,KBAs,area,MPA only,0.2368946574694985
Mauritius,KBAs,area,OECM only,0
Mauritius,KBAs,area,MPA-OECM overlap,0
Mozambique,KBAs,area,MPA only,40.216731902354645
Mozambique,KBAs,area,OECM only,0
Mozambique,KBAs,area,MPA-OECM overlap,0
Seychelles,KBAs,area,MPA only,46.77774519948959
Seychelles,KBAs,area,OECM only,0
Seychelles,KBAs,area,MPA-OECM overlap,0
Somalia,KBAs,area,MPA only,0
Somalia,KBAs,area,OECM only,0
Somalia,KBAs,area,MPA-OECM overlap,0
South Africa,KBAs,area,MPA only,63.89598339585648
South Africa,KBAs,area,OECM only,0
South Africa,KBAs,area,MPA-OECM overlap,0
Tanzania,KBAs,area,MPA only,48.663559071239575
Tanzania,KBAs,area,OECM only,14.540833761264071
Tanzania,KBAs,area,MPA-OECM overlap,0
WIO,KBAs,area,MPA only,10.141800018666693
WIO,KBAs,area,OECM only,0.7205376350912681
WIO,KBAs,area,MPA-OECM overlap,0.12017168355771385
Comoro Islands,Turtle Nesting Sites,points,MPA only,0
Comoro Islands,Turtle Nesting Sites,points,OECM only,0
Comoro Islands,Turtle Nesting Sites,points,MPA-OECM overlap,0
France,Turtle Nesting Sites,points,MPA only,0
France,Turtle Nesting Sites,points,OECM only,0
France,Turtle Nesting Sites,points,MPA-OECM overlap,0
Kenya,Turtle Nesting Sites,points,MPA only,24.65753424657534
Kenya,Turtle Nesting Sites,points,OECM only,0
Kenya,Turtle Nesting Sites,points,MPA-OECM overlap,0
Madagascar,Turtle Nesting Sites,points,MPA only,5.47945205479452
Madagascar,Turtle Nesting Sites,points,OECM only,0
Madagascar,Turtle Nesting Sites,points,MPA-OECM overlap,0
Mauritius,Turtle Nesting Sites,points,MPA only,NA
Mauritius,Turtle Nesting Sites,points,OECM only,NA
Mauritius,Turtle Nesting Sites,points,MPA-OECM overlap,NA
Mozambique,Turtle Nesting Sites,points,MPA only,10.95890410958904
Mozambique,Turtle Nesting Sites,points,OECM only,0
Mozambique,Turtle Nesting Sites,points,MPA-OECM overlap,0
Seychelles,Turtle Nesting Sites,points,MPA only,8.21917808219178
Seychelles,Turtle Nesting Sites,points,OECM only,0
Seychelles,Turtle Nesting Sites,points,MPA-OECM overlap,0
Somalia,Turtle Nesting Sites,points,MPA only,NA
Somalia,Turtle Nesting Sites,points,OECM only,NA
Somalia,Turtle Nesting Sites,points,MPA-OECM overlap,NA
South Africa,Turtle Nesting Sites,points,MPA only,0
South Africa,Turtle Nesting Sites,points,OECM only,0
South Africa,Turtle Nesting Sites,points,MPA-OECM overlap,0
Tanzania,Turtle Nesting Sites,points,MPA only,0
Tanzania,Turtle Nesting Sites,points,OECM only,0
Tanzania,Turtle Nesting Sites,points,MPA-OECM overlap,0
WIO,Turtle Nesting Sites,points,MPA only,6.164383561643835
WIO,Turtle Nesting Sites,points,OECM only,0
WIO,Turtle Nesting Sites,points,MPA-OECM overlap,0
